Subject,Research Topic,Key Findings,Sources,Critical Data Points,Error
"Major competitors, manufacturers, and brands in India's biodegradable cups market",,,,,
"Distribution channels, B2B and B2C markets, and key customer segments for biodegradable cups in India","Distribution Channels, B2B/B2C Markets, and Key Customer Segments for Biodegradable Cups in India","The market for **biodegradable cups in India** is a significant component of the broader biodegradable food service disposables market, which was valued at **USD 53.7 Million in 2024** and is projected to grow at a **CAGR of 5.37%** to reach **USD 88.0 Million by 2033** [1]. This growth is primarily driven by increasing environmental awareness, stringent government regulations on single-use plastics, and a shift in consumer preference towards sustainable alternatives [6] [7].

### Distribution Channels

The market operates through two primary distribution channels: **Business-to-Business (B2B)** and **Business-to-Customer (B2C)** [1].

| Distribution Channel | Description | Key Sub-Segments |
| :--- | :--- | :--- |
| **Business-to-Business (B2B)** | Involves bulk sales to commercial entities that use the cups for their operations or for resale. This segment is typically dominant in the food service disposables market [8]. | Foodservice outlets (restaurants, cafes, QSRs), Corporate offices, Educational institutions, Hospitals, Event management companies, and Resellers (Supermarkets and Hypermarkets, Online Stores) [1]. |
| **Business-to-Customer (B2C)** | Involves direct sales to individual consumers for household use, small gatherings, or personal consumption. | Retail stores, Local vendors, and increasingly, E-commerce platforms [1]. |

The B2B segment is the primary driver, as the food service sector utilizes approximately **80%** of the paper cups manufactured in India [3]. The B2B distribution is further segmented into sales through supermarkets/hypermarkets, online stores, and other channels [1].

### B2B and B2C Markets & Key Customer Segments

The **food service sector** is the most critical customer segment, with foodservice outlets anticipated to account for almost **45%** of the global biodegradable cups market demand [4].

| Market Segment | Key Customer Sub-Segments | Trends and Insights |
| :--- | :--- | :--- |
| **B2B Market** | **Quick Service Restaurants (QSRs) & Cafes:** High volume users due to takeaway and dine-in beverage consumption. Major drivers of demand for biodegradable cups [3]. | Driven by corporate sustainability goals and the need to comply with plastic bans. High demand for custom-printed, branded biodegradable cups. |
| | **Corporate & Institutional Canteens:** Shifting from reusable or non-biodegradable options to comply with internal green policies and local regulations. | Focus on cost-effectiveness and large-scale procurement. |
| | **Event Management:** Large-scale events and festivals are mandated or voluntarily adopting biodegradable tableware to minimize environmental impact. | Seasonal, high-volume demand. |
| **B2C Market** | **Environmentally Conscious Consumers:** Individuals actively seeking sustainable alternatives for home use and small parties. | Growth is supported by the availability of products through online stores and modern retail chains [1]. |
| | **Small Retailers/Vendors:** Local tea stalls (chai-walas) and small juice vendors are slowly transitioning, often due to local municipal pressure or consumer demand. | Price sensitivity is a major factor in this segment. |

### Key Players

The market features a mix of domestic and international players. Key players in the broader biodegradable tableware and paper cups market in India include:

*   **Pakka Limited** [5]
*   **Thooshan** [5]
*   **Qudrat** [5]
*   **Varsya Eco** [5]
*   **Tamul Plates Marketing Private Limited** [5]
*   **Sri Lakshmi Polypack** (known for biodegradable paper cups) [9]
*   **ISHWARA** [10]
*   **Surya Disposable Product** [10]
*   **Ecopack** [10]

### Challenges and Opportunities

| Aspect | Challenges | Opportunities |
| :--- | :--- | :--- |
| **Market** | **High Cost:** Biodegradable cups are generally more expensive than conventional plastic or non-biodegradable paper cups, posing a challenge for price-sensitive Indian consumers and businesses [11]. | **Untapped Rural Market:** Significant potential for growth in semi-urban and rural areas as awareness and regulations spread. |
| | **Lack of Standardized Infrastructure:** Inconsistent waste collection and composting facilities across the country hinder the effective disposal and composting of biodegradable products [12]. | **Product Innovation:** Development of cost-effective, high-performance biodegradable materials (e.g., PLA, bagasse) and better barrier coatings [13]. |
| **Policy** | **Execution Gaps:** Despite the nationwide ban on single-use plastics (SUPs) since July 1, 2022, enforcement and compliance remain inconsistent [7]. | **Government Support:** Favorable policies, subsidies, and tax incentives for manufacturers of biodegradable products can accelerate market adoption [6]. |
| **Consumer** | **Consumer Confusion:** Lack of clear labeling and consumer awareness regarding the difference between biodegradable, compostable, and conventional plastic-lined paper cups [11]. | **E-commerce Growth:** Online platforms provide a strong distribution channel for B2C sales and for B2B procurement by smaller businesses [1]. |

The ban on single-use plastic items, including plastic cups, effective from July 1, 2022, is the most significant regulatory driver, pushing the entire food service industry towards biodegradable and compostable alternatives [7].

### References

[1] IMARC Group. *India Biodegradable Food Service Disposables Market Size, Share, Trends and Forecast by Raw Material Type, Product Type, Distribution Channel, and Region, 2025-2033*. [https://www.imarcgroup.com/india-biodegradable-food-service-disposables-market](https://www.imarcgroup.com/india-biodegradable-food-service-disposables-market)
[2] IMARC Group. *India Paper Cups Market Size, Share, Trends, Report, 2033*. [https://www.imarcgroup.com/indian-paper-cups-market](https://www.imarcgroup.com/indian-paper-cups-market)
[3] Blue Weave Consulting. *India Paper Cup Market (2024-2030) Size & Demand*. [https://www.blueweaveconsulting.com/report/india-paper-cup-market](https://www.blueweaveconsulting.com/report/india-paper-cup-market)
[4] Transparency Market Research. *Biodegradable Cups Market | Global Industry Report, 2027*. [https://www.transparencymarketresearch.com/biodegradable-cups-market.html](https://www.transparencymarketresearch.com/biodegradable-cups-market.html)
[5] Grand View Research. *India Biodegradable Tableware & Packaging Products Market Report*. [https://www.grandviewresearch.com/industry-analysis/india-biodegradable-tableware-packaging-products-market-report](https://www.grandviewresearch.com/industry-analysis/india-biodegradable-tableware-packaging-products-market-report)
[6] NIIR Project Consultancy Services. *Current Scenario of the Biodegradable Tableware Sector in India*. [https://www.niir.org/blog/current-scenario-of-the-biodegradable-tableware-sector-in-india/](https://www.niir.org/blog/current-scenario-of-the-biodegradable-tableware-sector-in-india/)
[7] PIB. *Single use plastic items prohibited with effect from 1st July 2022*. [https://www.pib.gov.in/PressReleasePage.aspx?PRID=1942104](https://www.pib.gov.in/PressReleasePage.aspx?PRID=1942104)
[8] Market Data Forecast. *Asia Pacific Biodegradable Food Service Disposables Market*. [https://www.marketdataforecast.com/market-reports/asia-pacific-biodegradable-food-service-disposables-market](https://www.marketdataforecast.com/market-reports/asia-pacific-biodegradable-food-service-disposables-market)
[9] GetSwipe. *Top Paper Cup Manufacturers in India 2025*. [https://getswipe.in/blog/article/paper-cup-manufacturers-in-india](https://getswipe.in/blog/article/paper-cup-manufacturers-in-india)
[10] Expert Market Research. *India Paper Cups Market Size, Share, Industry Analysis 2034*. [https://www.expertmarketresearch.com/reports/india-paper-cups-market](https://www.expertmarketresearch.com/reports/india-paper-cups-market)
[11] ResearchGate. *(PDF) Biodegradable Plastics-Advantages and Challenges*. [https://www.researchgate.net/publication/389988163_Biodegradable_Plastics-Advantages_and_Challenges_An_update](https://www.researchgate.net/publication/389988163_Biodegradable_Plastics-Advantages_and_Challenges_An_update)
[12] BioResources. *The future of single-use paper coffee cups - Current progress and outlook*. [https://bioresources.cnr.ncsu.edu/resources/the-future-of-single-use-paper-coffee-cups-current-progress-and-outlook/](https://bioresources.cnr.ncsu.edu/resources/the-future-of-single-use-paper-coffee-cups-current-progress-and-outlook/)
[13] LinkedIn. *The Prospects of Disposable Paper Cups Business in India*. [https://www.linkedin.com/pulse/sip-smart-grow-green-prospects-disposable-paper-cups-business-k-p-drhkf](https://www.linkedin.com/pulse/sip-smart-grow-green-prospects-disposable-paper-cups-business-k-p-drhkf)","[1] IMARC Group. India Biodegradable Food Service Disposables Market Size, Share, Trends and Forecast by Raw Material Type, Product Type, Distribution Channel, and Region, 2025-2033. https://www.imarcgroup.com/india-biodegradable-food-service-disposables-market
[2] IMARC Group. India Paper Cups Market Size, Share, Trends, Report, 2033. https://www.imarcgroup.com/indian-paper-cups-market
[3] Blue Weave Consulting. India Paper Cup Market (2024-2030) Size & Demand. https://www.blueweaveconsulting.com/report/india-paper-cup-market
[4] Transparency Market Research. Biodegradable Cups Market | Global Industry Report, 2027. https://www.transparencymarketresearch.com/biodegradable-cups-market.html
[5] Grand View Research. India Biodegradable Tableware & Packaging Products Market Report. https://www.grandviewresearch.com/industry-analysis/india-biodegradable-tableware-packaging-products-market-report
[6] NIIR Project Consultancy Services. Current Scenario of the Biodegradable Tableware Sector in India. https://www.niir.org/blog/current-scenario-of-the-biodegradable-tableware-sector-in-india/
[7] PIB. Single use plastic items prohibited with effect from 1st July 2022. https://www.pib.gov.in/PressReleasePage.aspx?PRID=1942104
[8] Market Data Forecast. Asia Pacific Biodegradable Food Service Disposables Market. https://www.marketdataforecast.com/market-reports/asia-pacific-biodegradable-food-service-disposables-market
[9] GetSwipe. Top Paper Cup Manufacturers in India 2025. https://getswipe.in/blog/article/paper-cup-manufacturers-in-india
[10] Expert Market Research. India Paper Cups Market Size, Share, Industry Analysis 2034. https://www.expertmarketresearch.com/reports/india-paper-cups-market
[11] ResearchGate. (PDF) Biodegradable Plastics-Advantages and Challenges. https://www.researchgate.net/publication/389988163_Biodegradable_Plastics-Advantages_and_Challenges_An_update
[12] BioResources. The future of single-use paper coffee cups - Current progress and outlook. https://bioresources.cnr.ncsu.edu/resources/the-future-of-single-use-paper-coffee-cups-current-progress-and-outlook/
[13] LinkedIn. The Prospects of Disposable Paper Cups Business in India. https://www.linkedin.com/pulse/sip-smart-grow-green-prospects-disposable-paper-cups-business-k-p-drhkf","- **Market Size (2024):** India Biodegradable Food Service Disposables Market was valued at **USD 53.7 Million** [1].
- **Market Forecast (2033):** Expected to reach **USD 88.0 Million** [1].
- **CAGR (2025-2033):** Projected to grow at a **5.37%** Compound Annual Growth Rate [1].
- **Paper Cups Market Size (2024):** India paper cups market was **23.2 Billion Units** [2].
- **Paper Cups Market Forecast (2033):** Projected to reach **29.0 Billion Units** [2].
- **Food Service Sector Share:** Approximately **80%** of paper cups manufactured in India are utilized by the food service sector [3].
- **Key Customer Segment Share:** Foodservice outlets are major demand creators for biodegradable cups, anticipated to account for almost **45%** of the global market [4].
- **Regional Dominance:** Northern India dominated the biodegradable tableware market with a share of around **33%** in 2022 [5].",
"Investment landscape, funding opportunities, and government incentives for biodegradable packaging businesses in India","Investment Landscape, Funding, and Government Incentives for Biodegradable Packaging in India","The biodegradable packaging market in India is poised for significant growth, driven by stringent government regulations, rising consumer awareness, and corporate sustainability commitments. The market is expected to nearly double in size over the next decade, presenting substantial opportunities for investment and business development.

### **Investment Landscape and Market Trends**

The Indian biodegradable packaging market is valued at **USD 30,512.2 million in 2024** and is projected to reach **USD 57,293.7 million by 2033**, growing at a **Compound Annual Growth Rate (CAGR) of 7.3%** from 2025 to 2033. The broader bioplastics market, a key component of this sector, is projected to see an even higher **CAGR of over 15% through 2030**.

*   **Key Segments:** In 2024, **pouches & bags** held the largest revenue share (28.45%), while **Films & Wraps** are identified as the most lucrative and fastest-growing segment.
*   **Key Players:** The market includes both global giants and local innovators. While the research did not pinpoint specific Indian key players, the ecosystem is characterized by companies like Ecolastic pioneering advanced bioplastic solutions tailored to local needs.
*   **Investment Focus:** Investment is flowing into startups developing novel bioplastic formulations, established chemical companies expanding into bio-based products, and research institutions collaborating on next-generation materials. The cleantech and sustainable packaging sectors are attracting interest from **angel investors and Venture Capitalists (VCs)**.

### **Funding Opportunities and Government Incentives**

The Indian government has introduced several policy measures and funding avenues to accelerate the transition to sustainable packaging:

1.  **Goods and Services Tax (GST) Reduction:** The GST Council has made a pivotal move by reducing the tax on certified biodegradable and compostable packaging from **18% to 5%**. This significant reduction aims to make eco-friendly alternatives more affordable and competitive against conventional plastics.
2.  **Government Schemes and Subsidies:**
    *   **SIDBI's Sustainable Manufacturing Initiative:** The Small Industries Development Bank of India (SIDBI) offers financial support for sustainable manufacturing projects.
    *   **MSME Green Technology Adoption Fund:** The Ministry of Micro, Small & Medium Enterprises (MSME) has funds dedicated to helping MSMEs adopt green technologies.
    *   **MSE-SPICE Scheme:** The Green MSME Portal mentions the SPICE scheme, which offers a subsidy of **up to 25% of the project cost** for Brownfield projects in MSMEs, focusing on sustainable practices.
    *   **Production-Linked Incentive (PLI) Scheme:** While a dedicated PLI for bioplastics is not yet confirmed, the government is exploring the possibility of extending PLI-like incentives, similar to those for biorefineries, to the bioplastics sector to boost domestic manufacturing and reward productive output.
3.  **Other Funding Avenues:** Major banks are offering specialized **green business loans** with favorable terms. State industrial development corporations also provide incentives, such as land at subsidized rates for green manufacturing facilities.

### **Challenges and Opportunities**

| Category | Challenges | Opportunities |
| :--- | :--- | :--- |
| **Cost & Market** | **Higher Initial Cost:** Bioplastics typically command a premium price, creating adoption barriers in cost-sensitive markets. | **Policy-Driven Demand:** GST reduction and single-use plastic bans create a favorable market and increase demand. |
(Content truncated due to size limit. Use page ranges or line ranges to read remaining content)